timestamp_utc,elapsed_s,message,distance_m,voltage_v,quality,flow_x,flow_y,ground_distance_m
2026-08-11T13:37:30.680168+00:00,0.108,RANGEFINDER,2.200000047683716,0.0,,,,
2026-08-11T13:37:30.780376+00:00,0.208,RANGEFINDER,2.2100000381469727,0.0,,,,
2026-08-11T13:37:30.783455+00:00,0.211,DISTANCE_SENSOR,2.21,,,,,
2026-08-11T13:37:30.786534+00:00,0.214,OPTICAL_FLOW,,,38,0,0,0.0
2026-08-11T13:37:30.880405+00:00,0.308,RANGEFINDER,2.1499998569488525,0.0,,,,
2026-08-11T13:37:30.883375+00:00,0.311,DISTANCE_SENSOR,2.14,,,,,
2026-08-11T13:37:30.886178+00:00,0.314,OPTICAL_FLOW,,,38,0,0,0.0
2026-08-11T13:37:30.980419+00:00,0.408,RANGEFINDER,2.1399998664855957,0.0,,,,
2026-08-11T13:37:30.983379+00:00,0.411,DISTANCE_SENSOR,2.13,,,,,
2026-08-11T13:37:30.986208+00:00,0.414,OPTICAL_FLOW,,,38,0,0,0.0
2026-08-11T13:37:31.080494+00:00,0.508,RANGEFINDER,2.180000066757202,0.0,,,,
2026-08-11T13:37:31.083434+00:00,0.511,DISTANCE_SENSOR,2.18,,,,,
2026-08-11T13:37:31.086253+00:00,0.514,OPTICAL_FLOW,,,38,0,0,0.0
2026-08-11T13:37:31.180496+00:00,0.608,RANGEFINDER,2.2100000381469727,0.0,,,,
2026-08-11T13:37:31.183447+00:00,0.611,DISTANCE_SENSOR,2.21,,,,,
2026-08-11T13:37:31.186276+00:00,0.614,OPTICAL_FLOW,,,38,0,0,0.0
2026-08-11T13:37:31.280549+00:00,0.708,RANGEFINDER,2.2100000381469727,0.0,,,,
2026-08-11T13:37:31.283489+00:00,0.711,DISTANCE_SENSOR,2.21,,,,,
2026-08-11T13:37:31.286287+00:00,0.714,OPTICAL_FLOW,,,38,0,0,0.0
2026-08-11T13:37:31.380591+00:00,0.808,RANGEFINDER,2.169999837875366,0.0,,,,
2026-08-11T13:37:31.383536+00:00,0.811,DISTANCE_SENSOR,2.16,,,,,
2026-08-11T13:37:31.386371+00:00,0.814,OPTICAL_FLOW,,,38,0,0,0.0
2026-08-11T13:37:31.480743+00:00,0.908,RANGEFINDER,2.200000047683716,0.0,,,,
2026-08-11T13:37:31.483653+00:00,0.911,DISTANCE_SENSOR,2.2,,,,,
2026-08-11T13:37:31.486791+00:00,0.914,OPTICAL_FLOW,,,38,0,0,0.0
2026-08-11T13:37:31.580830+00:00,1.008,RANGEFINDER,2.2300000190734863,0.0,,,,
2026-08-11T13:37:31.583805+00:00,1.011,DISTANCE_SENSOR,2.23,,,,,
2026-08-11T13:37:31.586987+00:00,1.015,OPTICAL_FLOW,,,38,0,0,0.0
2026-08-11T13:37:31.680929+00:00,1.109,RANGEFINDER,2.169999837875366,0.0,,,,
2026-08-11T13:37:31.683876+00:00,1.111,DISTANCE_SENSOR,2.16,,,,,
2026-08-11T13:37:31.686703+00:00,1.114,OPTICAL_FLOW,,,38,0,0,0.0
2026-08-11T13:37:31.781051+00:00,1.209,RANGEFINDER,2.190000057220459,0.0,,,,
2026-08-11T13:37:31.783988+00:00,1.212,DISTANCE_SENSOR,2.19,,,,,
2026-08-11T13:37:31.787141+00:00,1.215,OPTICAL_FLOW,,,38,0,0,0.0
2026-08-11T13:37:31.881145+00:00,1.309,RANGEFINDER,2.1599998474121094,0.0,,,,
2026-08-11T13:37:31.884090+00:00,1.312,DISTANCE_SENSOR,2.15,,,,,
2026-08-11T13:37:31.887585+00:00,1.315,OPTICAL_FLOW,,,38,0,0,0.0
2026-08-11T13:37:31.981217+00:00,1.409,RANGEFINDER,2.169999837875366,0.0,,,,
2026-08-11T13:37:31.984168+00:00,1.412,DISTANCE_SENSOR,2.16,,,,,
2026-08-11T13:37:31.986991+00:00,1.415,OPTICAL_FLOW,,,38,0,0,0.0
2026-08-11T13:37:32.081350+00:00,1.509,RANGEFINDER,2.180000066757202,0.0,,,,
2026-08-11T13:37:32.084295+00:00,1.512,DISTANCE_SENSOR,2.18,,,,,
2026-08-11T13:37:32.087438+00:00,1.515,OPTICAL_FLOW,,,38,0,0,0.0
2026-08-11T13:37:32.181470+00:00,1.609,RANGEFINDER,2.169999837875366,0.0,,,,
2026-08-11T13:37:32.184416+00:00,1.612,DISTANCE_SENSOR,2.16,,,,,
2026-08-11T13:37:32.187238+00:00,1.615,OPTICAL_FLOW,,,38,0,0,0.0
2026-08-11T13:37:32.281584+00:00,1.709,RANGEFINDER,2.200000047683716,0.0,,,,
2026-08-11T13:37:32.284539+00:00,1.712,DISTANCE_SENSOR,2.2,,,,,
2026-08-11T13:37:32.287350+00:00,1.715,OPTICAL_FLOW,,,38,0,0,0.0
2026-08-11T13:37:32.381765+00:00,1.809,RANGEFINDER,2.200000047683716,0.0,,,,
2026-08-11T13:37:32.384639+00:00,1.812,DISTANCE_SENSOR,2.2,,,,,
2026-08-11T13:37:32.388132+00:00,1.816,OPTICAL_FLOW,,,38,0,0,0.0
2026-08-11T13:37:32.481672+00:00,1.909,RANGEFINDER,2.1599998474121094,0.0,,,,
2026-08-11T13:37:32.484602+00:00,1.912,DISTANCE_SENSOR,2.15,,,,,
2026-08-11T13:37:32.487734+00:00,1.915,OPTICAL_FLOW,,,38,0,0,0.0
2026-08-11T13:37:32.581712+00:00,2.009,RANGEFINDER,2.129999876022339,0.0,,,,
2026-08-11T13:37:32.584700+00:00,2.012,DISTANCE_SENSOR,2.12,,,,,
2026-08-11T13:37:32.587471+00:00,2.015,OPTICAL_FLOW,,,38,0,0,0.0
2026-08-11T13:37:32.681872+00:00,2.109,RANGEFINDER,2.190000057220459,0.0,,,,
2026-08-11T13:37:32.684817+00:00,2.112,DISTANCE_SENSOR,2.19,,,,,
2026-08-11T13:37:32.687980+00:00,2.116,OPTICAL_FLOW,,,38,0,0,0.0
2026-08-11T13:37:32.781893+00:00,2.209,RANGEFINDER,2.2100000381469727,0.0,,,,
2026-08-11T13:37:32.784844+00:00,2.212,DISTANCE_SENSOR,2.21,,,,,
2026-08-11T13:37:32.788353+00:00,2.216,OPTICAL_FLOW,,,38,0,0,0.0
2026-08-11T13:37:32.881926+00:00,2.31,RANGEFINDER,2.190000057220459,0.0,,,,
2026-08-11T13:37:32.884867+00:00,2.312,DISTANCE_SENSOR,2.19,,,,,
2026-08-11T13:37:32.888022+00:00,2.316,OPTICAL_FLOW,,,38,0,0,0.0
2026-08-11T13:37:32.982038+00:00,2.41,RANGEFINDER,2.2100000381469727,0.0,,,,
2026-08-11T13:37:32.984953+00:00,2.413,DISTANCE_SENSOR,2.21,,,,,
2026-08-11T13:37:32.987760+00:00,2.415,OPTICAL_FLOW,,,38,0,0,0.0
2026-08-11T13:37:33.082190+00:00,2.51,RANGEFINDER,2.190000057220459,0.0,,,,
2026-08-11T13:37:33.085033+00:00,2.513,DISTANCE_SENSOR,2.19,,,,,
2026-08-11T13:37:33.088156+00:00,2.516,OPTICAL_FLOW,,,38,0,0,0.0
2026-08-11T13:37:33.182169+00:00,2.61,RANGEFINDER,2.200000047683716,0.0,,,,
2026-08-11T13:37:33.185082+00:00,2.613,DISTANCE_SENSOR,2.2,,,,,
2026-08-11T13:37:33.187924+00:00,2.616,OPTICAL_FLOW,,,38,0,0,0.0
2026-08-11T13:37:33.282136+00:00,2.71,RANGEFINDER,2.190000057220459,0.0,,,,
2026-08-11T13:37:33.285048+00:00,2.713,DISTANCE_SENSOR,2.19,,,,,
2026-08-11T13:37:33.287890+00:00,2.715,OPTICAL_FLOW,,,38,0,0,0.0
2026-08-11T13:37:33.382412+00:00,2.81,RANGEFINDER,2.190000057220459,0.0,,,,
2026-08-11T13:37:33.385354+00:00,2.813,DISTANCE_SENSOR,2.19,,,,,
2026-08-11T13:37:33.388079+00:00,2.816,OPTICAL_FLOW,,,38,0,0,0.0
2026-08-11T13:37:33.482508+00:00,2.91,RANGEFINDER,2.200000047683716,0.0,,,,
2026-08-11T13:37:33.485502+00:00,2.913,DISTANCE_SENSOR,2.2,,,,,
2026-08-11T13:37:33.488262+00:00,2.916,OPTICAL_FLOW,,,38,0,0,0.0
2026-08-11T13:37:33.582722+00:00,3.01,RANGEFINDER,2.190000057220459,0.0,,,,
2026-08-11T13:37:33.585696+00:00,3.013,DISTANCE_SENSOR,2.19,,,,,
2026-08-11T13:37:33.588380+00:00,3.016,OPTICAL_FLOW,,,38,0,0,0.0
2026-08-11T13:37:33.682726+00:00,3.11,RANGEFINDER,2.190000057220459,0.0,,,,
2026-08-11T13:37:33.685738+00:00,3.113,DISTANCE_SENSOR,2.19,,,,,
2026-08-11T13:37:33.688472+00:00,3.116,OPTICAL_FLOW,,,38,0,0,0.0
2026-08-11T13:37:33.782789+00:00,3.21,RANGEFINDER,2.180000066757202,0.0,,,,
2026-08-11T13:37:33.785791+00:00,3.213,DISTANCE_SENSOR,2.18,,,,,
2026-08-11T13:37:33.788513+00:00,3.216,OPTICAL_FLOW,,,38,0,0,0.0
2026-08-11T13:37:33.883170+00:00,3.311,RANGEFINDER,2.190000057220459,0.0,,,,
2026-08-11T13:37:33.886118+00:00,3.314,DISTANCE_SENSOR,2.19,,,,,
2026-08-11T13:37:33.889047+00:00,3.317,OPTICAL_FLOW,,,38,0,0,0.0
2026-08-11T13:37:33.983026+00:00,3.411,RANGEFINDER,2.2100000381469727,0.0,,,,
2026-08-11T13:37:33.986106+00:00,3.414,DISTANCE_SENSOR,2.21,,,,,
2026-08-11T13:37:33.989106+00:00,3.417,OPTICAL_FLOW,,,38,0,0,0.0
2026-08-11T13:37:34.083222+00:00,3.511,RANGEFINDER,2.25,0.0,,,,
2026-08-11T13:37:34.086275+00:00,3.514,DISTANCE_SENSOR,2.25,,,,,
2026-08-11T13:37:34.089269+00:00,3.517,OPTICAL_FLOW,,,38,0,0,0.0
2026-08-11T13:37:34.183257+00:00,3.611,RANGEFINDER,2.169999837875366,0.0,,,,
2026-08-11T13:37:34.186337+00:00,3.614,DISTANCE_SENSOR,2.16,,,,,
2026-08-11T13:37:34.189360+00:00,3.617,OPTICAL_FLOW,,,38,0,0,0.0
2026-08-11T13:37:34.283378+00:00,3.711,RANGEFINDER,2.2100000381469727,0.0,,,,
2026-08-11T13:37:34.286446+00:00,3.714,DISTANCE_SENSOR,2.21,,,,,
2026-08-11T13:37:34.289111+00:00,3.717,OPTICAL_FLOW,,,38,0,0,0.0
2026-08-11T13:37:34.383459+00:00,3.811,RANGEFINDER,2.180000066757202,0.0,,,,
2026-08-11T13:37:34.386523+00:00,3.814,DISTANCE_SENSOR,2.18,,,,,
2026-08-11T13:37:34.389167+00:00,3.817,OPTICAL_FLOW,,,38,0,0,0.0
2026-08-11T13:37:34.483504+00:00,3.911,RANGEFINDER,2.200000047683716,0.0,,,,
2026-08-11T13:37:34.486555+00:00,3.914,DISTANCE_SENSOR,2.2,,,,,
2026-08-11T13:37:34.489549+00:00,3.917,OPTICAL_FLOW,,,38,0,0,0.0
2026-08-11T13:37:34.583555+00:00,4.011,RANGEFINDER,2.200000047683716,0.0,,,,
2026-08-11T13:37:34.586642+00:00,4.014,DISTANCE_SENSOR,2.2,,,,,
2026-08-11T13:37:34.589305+00:00,4.017,OPTICAL_FLOW,,,38,0,0,0.0
2026-08-11T13:37:34.683562+00:00,4.111,RANGEFINDER,2.200000047683716,0.0,,,,
2026-08-11T13:37:34.686673+00:00,4.114,DISTANCE_SENSOR,2.2,,,,,
2026-08-11T13:37:34.689312+00:00,4.117,OPTICAL_FLOW,,,38,0,0,0.0
2026-08-11T13:37:34.783644+00:00,4.211,RANGEFINDER,2.190000057220459,0.0,,,,
2026-08-11T13:37:34.786705+00:00,4.214,DISTANCE_SENSOR,2.19,,,,,
2026-08-11T13:37:34.789376+00:00,4.217,OPTICAL_FLOW,,,39,0,0,0.0
2026-08-11T13:37:34.883551+00:00,4.311,RANGEFINDER,2.200000047683716,0.0,,,,
2026-08-11T13:37:34.886641+00:00,4.314,DISTANCE_SENSOR,2.2,,,,,
2026-08-11T13:37:34.889332+00:00,4.317,OPTICAL_FLOW,,,39,0,0,0.0
2026-08-11T13:37:34.983649+00:00,4.411,RANGEFINDER,2.200000047683716,0.0,,,,
2026-08-11T13:37:34.986686+00:00,4.414,DISTANCE_SENSOR,2.2,,,,,
2026-08-11T13:37:34.989452+00:00,4.417,OPTICAL_FLOW,,,39,0,0,0.0
2026-08-11T13:37:35.083860+00:00,4.511,RANGEFINDER,2.2100000381469727,0.0,,,,
2026-08-11T13:37:35.086920+00:00,4.515,DISTANCE_SENSOR,2.21,,,,,
2026-08-11T13:37:35.089994+00:00,4.518,OPTICAL_FLOW,,,39,0,0,0.0
2026-08-11T13:37:35.183785+00:00,4.611,RANGEFINDER,2.200000047683716,0.0,,,,
2026-08-11T13:37:35.186838+00:00,4.614,DISTANCE_SENSOR,2.2,,,,,
2026-08-11T13:37:35.189565+00:00,4.617,OPTICAL_FLOW,,,39,0,0,0.0
2026-08-11T13:37:35.283805+00:00,4.711,RANGEFINDER,2.190000057220459,0.0,,,,
2026-08-11T13:37:35.286859+00:00,4.714,DISTANCE_SENSOR,2.19,,,,,
2026-08-11T13:37:35.290027+00:00,4.718,OPTICAL_FLOW,,,39,0,0,0.0
2026-08-11T13:37:35.384134+00:00,4.812,RANGEFINDER,2.169999837875366,0.0,,,,
2026-08-11T13:37:35.387269+00:00,4.815,DISTANCE_SENSOR,2.16,,,,,
2026-08-11T13:37:35.390322+00:00,4.818,OPTICAL_FLOW,,,39,0,0,0.0
2026-08-11T13:37:35.484345+00:00,4.912,RANGEFINDER,2.200000047683716,0.0,,,,
2026-08-11T13:37:35.487302+00:00,4.915,DISTANCE_SENSOR,2.2,,,,,
2026-08-11T13:37:35.489942+00:00,4.918,OPTICAL_FLOW,,,39,0,0,0.0
2026-08-11T13:37:35.584296+00:00,5.012,RANGEFINDER,2.169999837875366,0.0,,,,
2026-08-11T13:37:35.587411+00:00,5.015,DISTANCE_SENSOR,2.16,,,,,
2026-08-11T13:37:35.590165+00:00,5.018,OPTICAL_FLOW,,,39,0,0,0.0
2026-08-11T13:37:35.684206+00:00,5.112,RANGEFINDER,2.2100000381469727,0.0,,,,
2026-08-11T13:37:35.687263+00:00,5.115,DISTANCE_SENSOR,2.21,,,,,
2026-08-11T13:37:35.690028+00:00,5.118,OPTICAL_FLOW,,,39,0,0,0.0
2026-08-11T13:37:35.784357+00:00,5.212,RANGEFINDER,2.190000057220459,0.0,,,,
2026-08-11T13:37:35.787393+00:00,5.215,DISTANCE_SENSOR,2.19,,,,,
2026-08-11T13:37:35.790171+00:00,5.218,OPTICAL_FLOW,,,39,0,0,0.0
2026-08-11T13:37:35.884497+00:00,5.312,RANGEFINDER,2.169999837875366,0.0,,,,
2026-08-11T13:37:35.887544+00:00,5.315,DISTANCE_SENSOR,2.16,,,,,
2026-08-11T13:37:35.890653+00:00,5.318,OPTICAL_FLOW,,,39,0,0,0.0
2026-08-11T13:37:35.984634+00:00,5.412,RANGEFINDER,2.2100000381469727,0.0,,,,
2026-08-11T13:37:35.987688+00:00,5.415,DISTANCE_SENSOR,2.21,,,,,
2026-08-11T13:37:35.990469+00:00,5.418,OPTICAL_FLOW,,,39,0,0,0.0
2026-08-11T13:37:36.084822+00:00,5.512,RANGEFINDER,2.190000057220459,0.0,,,,
2026-08-11T13:37:36.087848+00:00,5.515,DISTANCE_SENSOR,2.19,,,,,
2026-08-11T13:37:36.090587+00:00,5.518,OPTICAL_FLOW,,,39,0,0,0.0
2026-08-11T13:37:36.184836+00:00,5.612,RANGEFINDER,2.2100000381469727,0.0,,,,
2026-08-11T13:37:36.187875+00:00,5.616,DISTANCE_SENSOR,2.21,,,,,
2026-08-11T13:37:36.190634+00:00,5.618,OPTICAL_FLOW,,,39,0,0,0.0
2026-08-11T13:37:36.284928+00:00,5.713,RANGEFINDER,2.190000057220459,0.0,,,,
2026-08-11T13:37:36.287972+00:00,5.716,DISTANCE_SENSOR,2.19,,,,,
2026-08-11T13:37:36.290736+00:00,5.718,OPTICAL_FLOW,,,39,0,0,0.0
2026-08-11T13:37:36.385035+00:00,5.813,RANGEFINDER,2.2300000190734863,0.0,,,,
2026-08-11T13:37:36.388060+00:00,5.816,DISTANCE_SENSOR,2.23,,,,,
2026-08-11T13:37:36.391504+00:00,5.819,OPTICAL_FLOW,,,39,0,0,0.0
2026-08-11T13:37:36.485107+00:00,5.913,RANGEFINDER,2.2200000286102295,0.0,,,,
2026-08-11T13:37:36.488137+00:00,5.916,DISTANCE_SENSOR,2.22,,,,,
2026-08-11T13:37:36.490871+00:00,5.918,OPTICAL_FLOW,,,39,0,0,0.0
2026-08-11T13:37:36.585201+00:00,6.013,RANGEFINDER,2.200000047683716,0.0,,,,
2026-08-11T13:37:36.588249+00:00,6.016,DISTANCE_SENSOR,2.2,,,,,
2026-08-11T13:37:36.591003+00:00,6.019,OPTICAL_FLOW,,,39,0,0,0.0
2026-08-11T13:37:36.685279+00:00,6.113,RANGEFINDER,2.2100000381469727,0.0,,,,
2026-08-11T13:37:36.688283+00:00,6.116,DISTANCE_SENSOR,2.21,,,,,
2026-08-11T13:37:36.691068+00:00,6.119,OPTICAL_FLOW,,,39,0,0,0.0
2026-08-11T13:37:36.785191+00:00,6.213,RANGEFINDER,2.200000047683716,0.0,,,,
2026-08-11T13:37:36.788250+00:00,6.216,DISTANCE_SENSOR,2.2,,,,,
2026-08-11T13:37:36.791334+00:00,6.219,OPTICAL_FLOW,,,39,0,0,0.0
2026-08-11T13:37:36.885151+00:00,6.313,RANGEFINDER,2.200000047683716,0.0,,,,
2026-08-11T13:37:36.888187+00:00,6.316,DISTANCE_SENSOR,2.2,,,,,
2026-08-11T13:37:36.890961+00:00,6.319,OPTICAL_FLOW,,,39,0,0,0.0
2026-08-11T13:37:36.985356+00:00,6.413,RANGEFINDER,2.180000066757202,0.0,,,,
2026-08-11T13:37:36.988403+00:00,6.416,DISTANCE_SENSOR,2.18,,,,,
2026-08-11T13:37:36.991493+00:00,6.419,OPTICAL_FLOW,,,39,0,0,0.0
2026-08-11T13:37:37.085345+00:00,6.513,RANGEFINDER,2.190000057220459,0.0,,,,
2026-08-11T13:37:37.088366+00:00,6.516,DISTANCE_SENSOR,2.19,,,,,
2026-08-11T13:37:37.091110+00:00,6.519,OPTICAL_FLOW,,,39,0,0,0.0
2026-08-11T13:37:37.185396+00:00,6.613,RANGEFINDER,2.190000057220459,0.0,,,,
2026-08-11T13:37:37.188415+00:00,6.616,DISTANCE_SENSOR,2.19,,,,,
2026-08-11T13:37:37.191187+00:00,6.619,OPTICAL_FLOW,,,39,0,0,0.0
2026-08-11T13:37:37.285472+00:00,6.713,RANGEFINDER,2.2100000381469727,0.0,,,,
2026-08-11T13:37:37.288515+00:00,6.716,DISTANCE_SENSOR,2.21,,,,,
2026-08-11T13:37:37.291284+00:00,6.719,OPTICAL_FLOW,,,39,0,0,0.0
2026-08-11T13:37:37.385814+00:00,6.813,RANGEFINDER,2.200000047683716,0.0,,,,
2026-08-11T13:37:37.388782+00:00,6.816,DISTANCE_SENSOR,2.2,,,,,
2026-08-11T13:37:37.391465+00:00,6.819,OPTICAL_FLOW,,,39,0,0,0.0
2026-08-11T13:37:37.485811+00:00,6.913,RANGEFINDER,2.169999837875366,0.0,,,,
2026-08-11T13:37:37.488855+00:00,6.916,DISTANCE_SENSOR,2.16,,,,,
2026-08-11T13:37:37.491885+00:00,6.92,OPTICAL_FLOW,,,39,0,0,0.0
2026-08-11T13:37:37.585875+00:00,7.013,RANGEFINDER,2.180000066757202,0.0,,,,
2026-08-11T13:37:37.588900+00:00,7.017,DISTANCE_SENSOR,2.18,,,,,
2026-08-11T13:37:37.591628+00:00,7.019,OPTICAL_FLOW,,,39,0,0,0.0
2026-08-11T13:37:37.685936+00:00,7.114,RANGEFINDER,2.2100000381469727,0.0,,,,
2026-08-11T13:37:37.688971+00:00,7.117,DISTANCE_SENSOR,2.21,,,,,
2026-08-11T13:37:37.691705+00:00,7.119,OPTICAL_FLOW,,,39,0,0,0.0
2026-08-11T13:37:37.786141+00:00,7.214,RANGEFINDER,2.190000057220459,0.0,,,,
2026-08-11T13:37:37.789101+00:00,7.217,DISTANCE_SENSOR,2.19,,,,,
2026-08-11T13:37:37.791819+00:00,7.219,OPTICAL_FLOW,,,39,0,0,0.0
2026-08-11T13:37:37.886174+00:00,7.314,RANGEFINDER,2.200000047683716,0.0,,,,
2026-08-11T13:37:37.889166+00:00,7.317,DISTANCE_SENSOR,2.2,,,,,
2026-08-11T13:37:37.892581+00:00,7.32,OPTICAL_FLOW,,,39,0,0,0.0
2026-08-11T13:37:37.986408+00:00,7.414,RANGEFINDER,2.180000066757202,0.0,,,,
2026-08-11T13:37:37.989367+00:00,7.417,DISTANCE_SENSOR,2.18,,,,,
2026-08-11T13:37:37.992431+00:00,7.42,OPTICAL_FLOW,,,39,0,0,0.0
2026-08-11T13:37:38.086566+00:00,7.514,RANGEFINDER,2.180000066757202,0.0,,,,
2026-08-11T13:37:38.089527+00:00,7.517,DISTANCE_SENSOR,2.18,,,,,
2026-08-11T13:37:38.092547+00:00,7.52,OPTICAL_FLOW,,,39,0,0,0.0
2026-08-11T13:37:38.186556+00:00,7.614,RANGEFINDER,2.2200000286102295,0.0,,,,
2026-08-11T13:37:38.189574+00:00,7.617,DISTANCE_SENSOR,2.22,,,,,
2026-08-11T13:37:38.192657+00:00,7.62,OPTICAL_FLOW,,,39,0,0,0.0
2026-08-11T13:37:38.286686+00:00,7.714,RANGEFINDER,2.200000047683716,0.0,,,,
2026-08-11T13:37:38.289632+00:00,7.717,DISTANCE_SENSOR,2.2,,,,,
2026-08-11T13:37:38.292674+00:00,7.72,OPTICAL_FLOW,,,39,0,0,0.0
2026-08-11T13:37:38.386660+00:00,7.814,RANGEFINDER,2.240000009536743,0.0,,,,
2026-08-11T13:37:38.389720+00:00,7.817,DISTANCE_SENSOR,2.24,,,,,
2026-08-11T13:37:38.392728+00:00,7.82,OPTICAL_FLOW,,,39,0,0,0.0
2026-08-11T13:37:38.486776+00:00,7.914,RANGEFINDER,2.200000047683716,0.0,,,,
2026-08-11T13:37:38.489784+00:00,7.917,DISTANCE_SENSOR,2.2,,,,,
2026-08-11T13:37:38.492842+00:00,7.92,OPTICAL_FLOW,,,39,0,0,0.0
2026-08-11T13:37:38.586776+00:00,8.014,RANGEFINDER,2.169999837875366,0.0,,,,
2026-08-11T13:37:38.589794+00:00,8.017,DISTANCE_SENSOR,2.16,,,,,
2026-08-11T13:37:38.592901+00:00,8.021,OPTICAL_FLOW,,,39,0,0,0.0
2026-08-11T13:37:38.686850+00:00,8.114,RANGEFINDER,2.169999837875366,0.0,,,,
2026-08-11T13:37:38.689818+00:00,8.117,DISTANCE_SENSOR,2.16,,,,,
2026-08-11T13:37:38.692534+00:00,8.12,OPTICAL_FLOW,,,39,0,0,0.0
2026-08-11T13:37:38.786829+00:00,8.214,RANGEFINDER,2.2100000381469727,0.0,,,,
2026-08-11T13:37:38.789851+00:00,8.217,DISTANCE_SENSOR,2.21,,,,,
2026-08-11T13:37:38.793266+00:00,8.221,OPTICAL_FLOW,,,39,0,0,0.0
2026-08-11T13:37:38.886817+00:00,8.314,RANGEFINDER,2.190000057220459,0.0,,,,
2026-08-11T13:37:38.889826+00:00,8.317,DISTANCE_SENSOR,2.19,,,,,
2026-08-11T13:37:38.892916+00:00,8.321,OPTICAL_FLOW,,,39,0,0,0.0
2026-08-11T13:37:38.986953+00:00,8.415,RANGEFINDER,2.240000009536743,0.0,,,,
2026-08-11T13:37:38.990018+00:00,8.418,DISTANCE_SENSOR,2.24,,,,,
2026-08-11T13:37:38.993049+00:00,8.421,OPTICAL_FLOW,,,39,0,0,0.0
2026-08-11T13:37:39.086980+00:00,8.515,RANGEFINDER,2.1399998664855957,0.0,,,,
2026-08-11T13:37:39.090043+00:00,8.518,DISTANCE_SENSOR,2.13,,,,,
2026-08-11T13:37:39.092706+00:00,8.52,OPTICAL_FLOW,,,38,0,0,0.0
2026-08-11T13:37:39.187005+00:00,8.615,RANGEFINDER,2.200000047683716,0.0,,,,
2026-08-11T13:37:39.190071+00:00,8.618,DISTANCE_SENSOR,2.2,,,,,
2026-08-11T13:37:39.193148+00:00,8.621,OPTICAL_FLOW,,,38,0,0,0.0
2026-08-11T13:37:39.287142+00:00,8.715,RANGEFINDER,2.2200000286102295,0.0,,,,
2026-08-11T13:37:39.290157+00:00,8.718,DISTANCE_SENSOR,2.22,,,,,
2026-08-11T13:37:39.293195+00:00,8.721,OPTICAL_FLOW,,,38,0,0,0.0
2026-08-11T13:37:39.387351+00:00,8.815,RANGEFINDER,2.2200000286102295,0.0,,,,
2026-08-11T13:37:39.390424+00:00,8.818,DISTANCE_SENSOR,2.22,,,,,
2026-08-11T13:37:39.393051+00:00,8.821,OPTICAL_FLOW,,,38,0,0,0.0
2026-08-11T13:37:39.487423+00:00,8.915,RANGEFINDER,2.200000047683716,0.0,,,,
2026-08-11T13:37:39.490492+00:00,8.918,DISTANCE_SENSOR,2.2,,,,,
2026-08-11T13:37:39.493145+00:00,8.921,OPTICAL_FLOW,,,38,0,0,0.0
2026-08-11T13:37:39.587546+00:00,9.015,RANGEFINDER,2.190000057220459,0.0,,,,
2026-08-11T13:37:39.590663+00:00,9.018,DISTANCE_SENSOR,2.19,,,,,
2026-08-11T13:37:39.593632+00:00,9.021,OPTICAL_FLOW,,,38,0,0,0.0
2026-08-11T13:37:39.687542+00:00,9.115,RANGEFINDER,2.2300000190734863,0.0,,,,
2026-08-11T13:37:39.690709+00:00,9.118,DISTANCE_SENSOR,2.23,,,,,
2026-08-11T13:37:39.694103+00:00,9.122,OPTICAL_FLOW,,,38,0,0,0.0
2026-08-11T13:37:39.787747+00:00,9.215,RANGEFINDER,2.200000047683716,0.0,,,,
2026-08-11T13:37:39.790782+00:00,9.218,DISTANCE_SENSOR,2.2,,,,,
2026-08-11T13:37:39.793515+00:00,9.221,OPTICAL_FLOW,,,38,0,0,0.0
2026-08-11T13:37:39.887882+00:00,9.315,RANGEFINDER,2.200000047683716,0.0,,,,
2026-08-11T13:37:39.890931+00:00,9.319,DISTANCE_SENSOR,2.2,,,,,
2026-08-11T13:37:39.893697+00:00,9.321,OPTICAL_FLOW,,,38,0,0,0.0
2026-08-11T13:37:39.987935+00:00,9.416,RANGEFINDER,2.180000066757202,0.0,,,,
2026-08-11T13:37:39.990980+00:00,9.419,DISTANCE_SENSOR,2.18,,,,,
2026-08-11T13:37:39.994455+00:00,9.422,OPTICAL_FLOW,,,38,1,0,0.0
2026-08-11T13:37:40.088097+00:00,9.516,RANGEFINDER,2.2100000381469727,0.0,,,,
2026-08-11T13:37:40.091121+00:00,9.519,DISTANCE_SENSOR,2.21,,,,,
2026-08-11T13:37:40.093835+00:00,9.521,OPTICAL_FLOW,,,38,0,0,0.0
2026-08-11T13:37:40.188089+00:00,9.616,RANGEFINDER,2.2200000286102295,0.0,,,,
2026-08-11T13:37:40.191123+00:00,9.619,DISTANCE_SENSOR,2.22,,,,,
2026-08-11T13:37:40.193855+00:00,9.621,OPTICAL_FLOW,,,38,0,0,0.0
2026-08-11T13:37:40.288146+00:00,9.716,RANGEFINDER,2.2100000381469727,0.0,,,,
2026-08-11T13:37:40.291188+00:00,9.719,DISTANCE_SENSOR,2.21,,,,,
2026-08-11T13:37:40.293921+00:00,9.722,OPTICAL_FLOW,,,38,0,0,0.0
2026-08-11T13:37:40.388210+00:00,9.816,RANGEFINDER,2.180000066757202,0.0,,,,
2026-08-11T13:37:40.391247+00:00,9.819,DISTANCE_SENSOR,2.18,,,,,
2026-08-11T13:37:40.394377+00:00,9.822,OPTICAL_FLOW,,,38,0,0,0.0
2026-08-11T13:37:40.488375+00:00,9.916,RANGEFINDER,2.2100000381469727,0.0,,,,
2026-08-11T13:37:40.491387+00:00,9.919,DISTANCE_SENSOR,2.21,,,,,
2026-08-11T13:37:40.494471+00:00,9.922,OPTICAL_FLOW,,,38,0,0,0.0
2026-08-11T13:37:40.588423+00:00,10.016,RANGEFINDER,2.200000047683716,0.0,,,,
